experiment_index,fate_map_id,sample_size,num_sites,sampling,num_tip,bsum
1,1,100,50,fixed,16,0
2,2,100,50,fixed,16,5
3,3,100,50,fixed,16,10
4,4,100,50,fixed,16,13
5,5,100,50,fixed,16,20
6,6,100,50,fixed,16,24
7,7,100,50,fixed,16,26
8,8,100,50,fixed,16,35
9,9,100,50,fixed,16,38
10,10,100,50,fixed,16,45
11,11,100,50,fixed,16,46
12,12,100,50,fixed,16,54
13,13,100,50,fixed,16,57
14,14,100,50,fixed,16,65
15,15,100,50,fixed,16,69
16,16,100,50,fixed,16,71
17,17,100,50,fixed,16,35
18,18,100,50,fixed,32,0
19,19,100,50,fixed,32,24
20,20,100,50,fixed,32,29
21,21,100,50,fixed,32,32
22,22,100,50,fixed,32,39
23,23,100,50,fixed,32,41
24,24,100,50,fixed,32,50
25,25,100,50,fixed,32,51
26,26,100,50,fixed,32,58
27,27,100,50,fixed,32,65
28,28,100,50,fixed,32,66
29,29,100,50,fixed,32,73
30,30,100,50,fixed,32,77
31,31,100,50,fixed,32,84
32,32,100,50,fixed,32,89
33,33,100,50,fixed,32,95
34,34,100,50,fixed,32,96
35,35,100,50,fixed,32,105
36,36,100,50,fixed,32,108
37,37,100,50,fixed,32,115
38,38,100,50,fixed,32,119
39,39,100,50,fixed,32,123
40,40,100,50,fixed,32,127
41,41,100,50,fixed,32,131
42,42,100,50,fixed,32,138
43,43,100,50,fixed,32,142
44,44,100,50,fixed,32,146
45,45,100,50,fixed,32,153
46,46,100,50,fixed,32,158
47,47,100,50,fixed,32,161
48,48,100,50,fixed,32,168
49,49,100,50,fixed,32,177
50,50,100,50,fixed,32,181
51,51,100,50,fixed,64,0
52,52,100,50,fixed,64,129
53,53,100,50,fixed,64,78
54,54,100,50,fixed,64,118
55,55,100,50,fixed,64,88
56,56,100,50,fixed,64,93
57,57,100,50,fixed,64,96
58,58,100,50,fixed,64,104
59,59,100,50,fixed,64,110
60,60,100,50,fixed,64,113
61,61,100,50,fixed,64,116
62,62,100,50,fixed,64,124
63,63,100,50,fixed,64,129
64,64,100,50,fixed,64,133
65,65,100,50,fixed,64,137
66,66,100,50,fixed,64,141
67,67,100,50,fixed,64,149
68,68,100,50,fixed,64,152
69,69,100,50,fixed,64,156
70,70,100,50,fixed,64,162
71,71,100,50,fixed,64,167
72,72,100,50,fixed,64,175
73,73,100,50,fixed,64,180
74,74,100,50,fixed,64,184
75,75,100,50,fixed,64,188
76,76,100,50,fixed,64,195
77,77,100,50,fixed,64,197
78,78,100,50,fixed,64,204
79,79,100,50,fixed,64,206
80,80,100,50,fixed,64,215
81,81,100,50,fixed,64,216
82,82,100,50,fixed,64,222
83,83,100,50,fixed,64,226
84,85,100,50,fixed,64,239
85,86,100,50,fixed,64,242
86,87,100,50,fixed,64,247
87,88,100,50,fixed,64,255
88,89,100,50,fixed,64,259
89,90,100,50,fixed,64,261
90,91,100,50,fixed,64,266
91,92,100,50,fixed,64,274
92,93,100,50,fixed,64,277
93,94,100,50,fixed,64,282
94,95,100,50,fixed,64,288
95,96,100,50,fixed,64,295
96,97,100,50,fixed,64,300
97,98,100,50,fixed,64,303
98,99,100,50,fixed,64,307
99,100,100,50,fixed,64,313
100,101,100,50,fixed,64,317
101,103,100,50,fixed,64,330
102,104,100,50,fixed,64,332
103,105,100,50,fixed,64,337
104,106,100,50,fixed,64,342
105,107,100,50,fixed,64,346
106,108,100,50,fixed,64,352
107,109,100,50,fixed,64,357
108,110,100,50,fixed,64,364
109,111,100,50,fixed,64,369
110,112,100,50,fixed,64,242
111,113,100,50,fixed,64,380
112,114,100,50,fixed,64,382
113,115,100,50,fixed,64,388
114,116,100,50,fixed,64,393
115,117,100,50,fixed,64,400
116,118,100,50,fixed,64,288
117,119,100,50,fixed,64,275
118,120,100,50,fixed,64,183
119,121,100,50,fixed,64,239
120,122,100,50,fixed,64,186
121,123,100,50,fixed,64,179
122,124,100,50,fixed,64,239
123,125,100,50,fixed,64,131
124,126,100,50,fixed,64,299
125,127,100,50,fixed,64,212
126,1,100,50,proportional,16,0
127,2,100,50,proportional,16,5
128,3,100,50,proportional,16,10
129,4,100,50,proportional,16,13
130,5,100,50,proportional,16,20
131,6,100,50,proportional,16,24
132,7,100,50,proportional,16,26
133,8,100,50,proportional,16,35
134,9,100,50,proportional,16,38
135,10,100,50,proportional,16,45
136,11,100,50,proportional,16,46
137,12,100,50,proportional,16,54
138,13,100,50,proportional,16,57
139,14,100,50,proportional,16,65
140,15,100,50,proportional,16,69
141,16,100,50,proportional,16,71
142,17,100,50,proportional,16,35
143,18,100,50,proportional,32,0
144,19,100,50,proportional,32,24
145,20,100,50,proportional,32,29
146,21,100,50,proportional,32,32
147,22,100,50,proportional,32,39
148,23,100,50,proportional,32,41
149,24,100,50,proportional,32,50
150,25,100,50,proportional,32,51
151,26,100,50,proportional,32,58
152,27,100,50,proportional,32,65
153,28,100,50,proportional,32,66
154,29,100,50,proportional,32,73
155,30,100,50,proportional,32,77
156,31,100,50,proportional,32,84
157,32,100,50,proportional,32,89
158,33,100,50,proportional,32,95
159,34,100,50,proportional,32,96
160,35,100,50,proportional,32,105
161,36,100,50,proportional,32,108
162,37,100,50,proportional,32,115
163,38,100,50,proportional,32,119
164,39,100,50,proportional,32,123
165,40,100,50,proportional,32,127
166,41,100,50,proportional,32,131
167,42,100,50,proportional,32,138
168,43,100,50,proportional,32,142
169,44,100,50,proportional,32,146
170,45,100,50,proportional,32,153
171,46,100,50,proportional,32,158
172,47,100,50,proportional,32,161
173,48,100,50,proportional,32,168
174,49,100,50,proportional,32,177
175,50,100,50,proportional,32,181
176,51,100,50,proportional,64,0
177,52,100,50,proportional,64,129
178,53,100,50,proportional,64,78
179,54,100,50,proportional,64,118
180,55,100,50,proportional,64,88
181,56,100,50,proportional,64,93
182,57,100,50,proportional,64,96
183,58,100,50,proportional,64,104
184,59,100,50,proportional,64,110
185,60,100,50,proportional,64,113
186,61,100,50,proportional,64,116
187,62,100,50,proportional,64,124
188,63,100,50,proportional,64,129
189,64,100,50,proportional,64,133
190,65,100,50,proportional,64,137
191,66,100,50,proportional,64,141
192,67,100,50,proportional,64,149
193,68,100,50,proportional,64,152
194,69,100,50,proportional,64,156
195,70,100,50,proportional,64,162
196,71,100,50,proportional,64,167
197,72,100,50,proportional,64,175
198,73,100,50,proportional,64,180
199,74,100,50,proportional,64,184
200,75,100,50,proportional,64,188
201,76,100,50,proportional,64,195
202,77,100,50,proportional,64,197
203,78,100,50,proportional,64,204
204,79,100,50,proportional,64,206
205,80,100,50,proportional,64,215
206,81,100,50,proportional,64,216
207,82,100,50,proportional,64,222
208,83,100,50,proportional,64,226
209,85,100,50,proportional,64,239
210,86,100,50,proportional,64,242
211,87,100,50,proportional,64,247
212,88,100,50,proportional,64,255
213,89,100,50,proportional,64,259
214,90,100,50,proportional,64,261
215,91,100,50,proportional,64,266
216,92,100,50,proportional,64,274
217,93,100,50,proportional,64,277
218,94,100,50,proportional,64,282
219,95,100,50,proportional,64,288
220,96,100,50,proportional,64,295
221,97,100,50,proportional,64,300
222,98,100,50,proportional,64,303
223,99,100,50,proportional,64,307
224,100,100,50,proportional,64,313
225,101,100,50,proportional,64,317
226,103,100,50,proportional,64,330
227,104,100,50,proportional,64,332
228,105,100,50,proportional,64,337
229,106,100,50,proportional,64,342
230,107,100,50,proportional,64,346
231,108,100,50,proportional,64,352
232,109,100,50,proportional,64,357
233,110,100,50,proportional,64,364
234,111,100,50,proportional,64,369
235,112,100,50,proportional,64,242
236,113,100,50,proportional,64,380
237,114,100,50,proportional,64,382
238,115,100,50,proportional,64,388
239,116,100,50,proportional,64,393
240,117,100,50,proportional,64,400
241,118,100,50,proportional,64,288
242,119,100,50,proportional,64,275
243,120,100,50,proportional,64,183
244,121,100,50,proportional,64,239
245,122,100,50,proportional,64,186
246,123,100,50,proportional,64,179
247,124,100,50,proportional,64,239
248,125,100,50,proportional,64,131
249,126,100,50,proportional,64,299
250,127,100,50,proportional,64,212
251,1,100,50,fixed,16,0
252,2,100,50,fixed,16,5
253,3,100,50,fixed,16,10
254,4,100,50,fixed,16,13
255,5,100,50,fixed,16,20
256,6,100,50,fixed,16,24
257,7,100,50,fixed,16,26
258,8,100,50,fixed,16,35
259,9,100,50,fixed,16,38
260,10,100,50,fixed,16,45
261,11,100,50,fixed,16,46
262,12,100,50,fixed,16,54
263,13,100,50,fixed,16,57
264,14,100,50,fixed,16,65
265,15,100,50,fixed,16,69
266,16,100,50,fixed,16,71
267,17,100,50,fixed,16,35
268,18,100,50,fixed,32,0
269,19,100,50,fixed,32,24
270,20,100,50,fixed,32,29
271,21,100,50,fixed,32,32
272,22,100,50,fixed,32,39
273,23,100,50,fixed,32,41
274,24,100,50,fixed,32,50
275,25,100,50,fixed,32,51
276,26,100,50,fixed,32,58
277,27,100,50,fixed,32,65
278,28,100,50,fixed,32,66
279,29,100,50,fixed,32,73
280,30,100,50,fixed,32,77
281,31,100,50,fixed,32,84
282,32,100,50,fixed,32,89
283,33,100,50,fixed,32,95
284,34,100,50,fixed,32,96
285,35,100,50,fixed,32,105
286,36,100,50,fixed,32,108
287,37,100,50,fixed,32,115
288,38,100,50,fixed,32,119
289,39,100,50,fixed,32,123
290,40,100,50,fixed,32,127
291,41,100,50,fixed,32,131
292,42,100,50,fixed,32,138
293,43,100,50,fixed,32,142
294,44,100,50,fixed,32,146
295,45,100,50,fixed,32,153
296,46,100,50,fixed,32,158
297,47,100,50,fixed,32,161
298,48,100,50,fixed,32,168
299,49,100,50,fixed,32,177
300,50,100,50,fixed,32,181
301,51,100,50,fixed,64,0
302,52,100,50,fixed,64,129
303,53,100,50,fixed,64,78
304,54,100,50,fixed,64,118
305,55,100,50,fixed,64,88
306,56,100,50,fixed,64,93
307,57,100,50,fixed,64,96
308,58,100,50,fixed,64,104
309,59,100,50,fixed,64,110
310,60,100,50,fixed,64,113
311,61,100,50,fixed,64,116
312,62,100,50,fixed,64,124
313,63,100,50,fixed,64,129
314,64,100,50,fixed,64,133
315,65,100,50,fixed,64,137
316,66,100,50,fixed,64,141
317,67,100,50,fixed,64,149
318,68,100,50,fixed,64,152
319,69,100,50,fixed,64,156
320,70,100,50,fixed,64,162
321,71,100,50,fixed,64,167
322,72,100,50,fixed,64,175
323,73,100,50,fixed,64,180
324,74,100,50,fixed,64,184
325,75,100,50,fixed,64,188
326,76,100,50,fixed,64,195
327,77,100,50,fixed,64,197
328,78,100,50,fixed,64,204
329,79,100,50,fixed,64,206
330,80,100,50,fixed,64,215
331,81,100,50,fixed,64,216
332,82,100,50,fixed,64,222
333,83,100,50,fixed,64,226
334,85,100,50,fixed,64,239
335,86,100,50,fixed,64,242
336,87,100,50,fixed,64,247
337,88,100,50,fixed,64,255
338,89,100,50,fixed,64,259
339,90,100,50,fixed,64,261
340,91,100,50,fixed,64,266
341,92,100,50,fixed,64,274
342,93,100,50,fixed,64,277
343,94,100,50,fixed,64,282
344,95,100,50,fixed,64,288
345,96,100,50,fixed,64,295
346,97,100,50,fixed,64,300
347,98,100,50,fixed,64,303
348,99,100,50,fixed,64,307
349,100,100,50,fixed,64,313
350,101,100,50,fixed,64,317
351,103,100,50,fixed,64,330
352,104,100,50,fixed,64,332
353,105,100,50,fixed,64,337
354,106,100,50,fixed,64,342
355,107,100,50,fixed,64,346
356,108,100,50,fixed,64,352
357,109,100,50,fixed,64,357
358,110,100,50,fixed,64,364
359,111,100,50,fixed,64,369
360,112,100,50,fixed,64,242
361,113,100,50,fixed,64,380
362,114,100,50,fixed,64,382
363,115,100,50,fixed,64,388
364,116,100,50,fixed,64,393
365,117,100,50,fixed,64,400
366,118,100,50,fixed,64,288
367,119,100,50,fixed,64,275
368,120,100,50,fixed,64,183
369,121,100,50,fixed,64,239
370,122,100,50,fixed,64,186
371,123,100,50,fixed,64,179
372,124,100,50,fixed,64,239
373,125,100,50,fixed,64,131
374,126,100,50,fixed,64,299
375,127,100,50,fixed,64,212
376,1,100,50,proportional,16,0
377,2,100,50,proportional,16,5
378,3,100,50,proportional,16,10
379,4,100,50,proportional,16,13
380,5,100,50,proportional,16,20
381,6,100,50,proportional,16,24
382,7,100,50,proportional,16,26
383,8,100,50,proportional,16,35
384,9,100,50,proportional,16,38
385,10,100,50,proportional,16,45
386,11,100,50,proportional,16,46
387,12,100,50,proportional,16,54
388,13,100,50,proportional,16,57
389,14,100,50,proportional,16,65
390,15,100,50,proportional,16,69
391,16,100,50,proportional,16,71
392,17,100,50,proportional,16,35
393,18,100,50,proportional,32,0
394,19,100,50,proportional,32,24
395,20,100,50,proportional,32,29
396,21,100,50,proportional,32,32
397,22,100,50,proportional,32,39
398,23,100,50,proportional,32,41
399,24,100,50,proportional,32,50
400,25,100,50,proportional,32,51
401,26,100,50,proportional,32,58
402,27,100,50,proportional,32,65
403,28,100,50,proportional,32,66
404,29,100,50,proportional,32,73
405,30,100,50,proportional,32,77
406,31,100,50,proportional,32,84
407,32,100,50,proportional,32,89
408,33,100,50,proportional,32,95
409,34,100,50,proportional,32,96
410,35,100,50,proportional,32,105
411,36,100,50,proportional,32,108
412,37,100,50,proportional,32,115
413,38,100,50,proportional,32,119
414,39,100,50,proportional,32,123
415,40,100,50,proportional,32,127
416,41,100,50,proportional,32,131
417,42,100,50,proportional,32,138
418,43,100,50,proportional,32,142
419,44,100,50,proportional,32,146
420,45,100,50,proportional,32,153
421,46,100,50,proportional,32,158
422,47,100,50,proportional,32,161
423,48,100,50,proportional,32,168
424,49,100,50,proportional,32,177
425,50,100,50,proportional,32,181
426,51,100,50,proportional,64,0
427,52,100,50,proportional,64,129
428,53,100,50,proportional,64,78
429,54,100,50,proportional,64,118
430,55,100,50,proportional,64,88
431,56,100,50,proportional,64,93
432,57,100,50,proportional,64,96
433,58,100,50,proportional,64,104
434,59,100,50,proportional,64,110
435,60,100,50,proportional,64,113
436,61,100,50,proportional,64,116
437,62,100,50,proportional,64,124
438,63,100,50,proportional,64,129
439,64,100,50,proportional,64,133
440,65,100,50,proportional,64,137
441,66,100,50,proportional,64,141
442,67,100,50,proportional,64,149
443,68,100,50,proportional,64,152
444,69,100,50,proportional,64,156
445,70,100,50,proportional,64,162
446,71,100,50,proportional,64,167
447,72,100,50,proportional,64,175
448,73,100,50,proportional,64,180
449,74,100,50,proportional,64,184
450,75,100,50,proportional,64,188
451,76,100,50,proportional,64,195
452,77,100,50,proportional,64,197
453,78,100,50,proportional,64,204
454,79,100,50,proportional,64,206
455,80,100,50,proportional,64,215
456,81,100,50,proportional,64,216
457,82,100,50,proportional,64,222
458,83,100,50,proportional,64,226
459,85,100,50,proportional,64,239
460,86,100,50,proportional,64,242
461,87,100,50,proportional,64,247
462,88,100,50,proportional,64,255
463,89,100,50,proportional,64,259
464,90,100,50,proportional,64,261
465,91,100,50,proportional,64,266
466,92,100,50,proportional,64,274
467,93,100,50,proportional,64,277
468,94,100,50,proportional,64,282
469,95,100,50,proportional,64,288
470,96,100,50,proportional,64,295
471,97,100,50,proportional,64,300
472,98,100,50,proportional,64,303
473,99,100,50,proportional,64,307
474,100,100,50,proportional,64,313
475,101,100,50,proportional,64,317
476,103,100,50,proportional,64,330
477,104,100,50,proportional,64,332
478,105,100,50,proportional,64,337
479,106,100,50,proportional,64,342
480,107,100,50,proportional,64,346
481,108,100,50,proportional,64,352
482,109,100,50,proportional,64,357
483,110,100,50,proportional,64,364
484,111,100,50,proportional,64,369
485,112,100,50,proportional,64,242
486,113,100,50,proportional,64,380
487,114,100,50,proportional,64,382
488,115,100,50,proportional,64,388
489,116,100,50,proportional,64,393
490,117,100,50,proportional,64,400
491,118,100,50,proportional,64,288
492,119,100,50,proportional,64,275
493,120,100,50,proportional,64,183
494,121,100,50,proportional,64,239
495,122,100,50,proportional,64,186
496,123,100,50,proportional,64,179
497,124,100,50,proportional,64,239
498,125,100,50,proportional,64,131
499,126,100,50,proportional,64,299
500,127,100,50,proportional,64,212
501,1,100,50,fixed,16,0
502,2,100,50,fixed,16,5
503,3,100,50,fixed,16,10
504,4,100,50,fixed,16,13
505,5,100,50,fixed,16,20
506,6,100,50,fixed,16,24
507,7,100,50,fixed,16,26
508,8,100,50,fixed,16,35
509,9,100,50,fixed,16,38
510,10,100,50,fixed,16,45
511,11,100,50,fixed,16,46
512,12,100,50,fixed,16,54
513,13,100,50,fixed,16,57
514,14,100,50,fixed,16,65
515,15,100,50,fixed,16,69
516,16,100,50,fixed,16,71
517,17,100,50,fixed,16,35
518,18,100,50,fixed,32,0
519,19,100,50,fixed,32,24
520,20,100,50,fixed,32,29
521,21,100,50,fixed,32,32
522,22,100,50,fixed,32,39
523,23,100,50,fixed,32,41
524,24,100,50,fixed,32,50
525,25,100,50,fixed,32,51
526,26,100,50,fixed,32,58
527,27,100,50,fixed,32,65
528,28,100,50,fixed,32,66
529,29,100,50,fixed,32,73
530,30,100,50,fixed,32,77
531,31,100,50,fixed,32,84
532,32,100,50,fixed,32,89
533,33,100,50,fixed,32,95
534,34,100,50,fixed,32,96
535,35,100,50,fixed,32,105
536,36,100,50,fixed,32,108
537,37,100,50,fixed,32,115
538,38,100,50,fixed,32,119
539,39,100,50,fixed,32,123
540,40,100,50,fixed,32,127
541,41,100,50,fixed,32,131
542,42,100,50,fixed,32,138
543,43,100,50,fixed,32,142
544,44,100,50,fixed,32,146
545,45,100,50,fixed,32,153
546,46,100,50,fixed,32,158
547,47,100,50,fixed,32,161
548,48,100,50,fixed,32,168
549,49,100,50,fixed,32,177
550,50,100,50,fixed,32,181
551,51,100,50,fixed,64,0
552,52,100,50,fixed,64,129
553,53,100,50,fixed,64,78
554,54,100,50,fixed,64,118
555,55,100,50,fixed,64,88
556,56,100,50,fixed,64,93
557,57,100,50,fixed,64,96
558,58,100,50,fixed,64,104
559,59,100,50,fixed,64,110
560,60,100,50,fixed,64,113
561,61,100,50,fixed,64,116
562,62,100,50,fixed,64,124
563,63,100,50,fixed,64,129
564,64,100,50,fixed,64,133
565,65,100,50,fixed,64,137
566,66,100,50,fixed,64,141
567,67,100,50,fixed,64,149
568,68,100,50,fixed,64,152
569,69,100,50,fixed,64,156
570,70,100,50,fixed,64,162
571,71,100,50,fixed,64,167
572,72,100,50,fixed,64,175
573,73,100,50,fixed,64,180
574,74,100,50,fixed,64,184
575,75,100,50,fixed,64,188
576,76,100,50,fixed,64,195
577,77,100,50,fixed,64,197
578,78,100,50,fixed,64,204
579,79,100,50,fixed,64,206
580,80,100,50,fixed,64,215
581,81,100,50,fixed,64,216
582,82,100,50,fixed,64,222
583,83,100,50,fixed,64,226
584,85,100,50,fixed,64,239
585,86,100,50,fixed,64,242
586,87,100,50,fixed,64,247
587,88,100,50,fixed,64,255
588,89,100,50,fixed,64,259
589,90,100,50,fixed,64,261
590,91,100,50,fixed,64,266
591,92,100,50,fixed,64,274
592,93,100,50,fixed,64,277
593,94,100,50,fixed,64,282
594,95,100,50,fixed,64,288
595,96,100,50,fixed,64,295
596,97,100,50,fixed,64,300
597,98,100,50,fixed,64,303
598,99,100,50,fixed,64,307
599,100,100,50,fixed,64,313
600,101,100,50,fixed,64,317
601,103,100,50,fixed,64,330
602,104,100,50,fixed,64,332
603,105,100,50,fixed,64,337
604,106,100,50,fixed,64,342
605,107,100,50,fixed,64,346
606,108,100,50,fixed,64,352
607,109,100,50,fixed,64,357
608,110,100,50,fixed,64,364
609,111,100,50,fixed,64,369
610,112,100,50,fixed,64,242
611,113,100,50,fixed,64,380
612,114,100,50,fixed,64,382
613,115,100,50,fixed,64,388
614,116,100,50,fixed,64,393
615,117,100,50,fixed,64,400
616,118,100,50,fixed,64,288
617,119,100,50,fixed,64,275
618,120,100,50,fixed,64,183
619,121,100,50,fixed,64,239
620,122,100,50,fixed,64,186
621,123,100,50,fixed,64,179
622,124,100,50,fixed,64,239
623,125,100,50,fixed,64,131
624,126,100,50,fixed,64,299
625,127,100,50,fixed,64,212
626,1,100,50,proportional,16,0
627,2,100,50,proportional,16,5
628,3,100,50,proportional,16,10
629,4,100,50,proportional,16,13
630,5,100,50,proportional,16,20
631,6,100,50,proportional,16,24
632,7,100,50,proportional,16,26
633,8,100,50,proportional,16,35
634,9,100,50,proportional,16,38
635,10,100,50,proportional,16,45
636,11,100,50,proportional,16,46
637,12,100,50,proportional,16,54
638,13,100,50,proportional,16,57
639,14,100,50,proportional,16,65
640,15,100,50,proportional,16,69
641,16,100,50,proportional,16,71
642,17,100,50,proportional,16,35
643,18,100,50,proportional,32,0
644,19,100,50,proportional,32,24
645,20,100,50,proportional,32,29
646,21,100,50,proportional,32,32
647,22,100,50,proportional,32,39
648,23,100,50,proportional,32,41
649,24,100,50,proportional,32,50
650,25,100,50,proportional,32,51
651,26,100,50,proportional,32,58
652,27,100,50,proportional,32,65
653,28,100,50,proportional,32,66
654,29,100,50,proportional,32,73
655,30,100,50,proportional,32,77
656,31,100,50,proportional,32,84
657,32,100,50,proportional,32,89
658,33,100,50,proportional,32,95
659,34,100,50,proportional,32,96
660,35,100,50,proportional,32,105
661,36,100,50,proportional,32,108
662,37,100,50,proportional,32,115
663,38,100,50,proportional,32,119
664,39,100,50,proportional,32,123
665,40,100,50,proportional,32,127
666,41,100,50,proportional,32,131
667,42,100,50,proportional,32,138
668,43,100,50,proportional,32,142
669,44,100,50,proportional,32,146
670,45,100,50,proportional,32,153
671,46,100,50,proportional,32,158
672,47,100,50,proportional,32,161
673,48,100,50,proportional,32,168
674,49,100,50,proportional,32,177
675,50,100,50,proportional,32,181
676,51,100,50,proportional,64,0
677,52,100,50,proportional,64,129
678,53,100,50,proportional,64,78
679,54,100,50,proportional,64,118
680,55,100,50,proportional,64,88
681,56,100,50,proportional,64,93
682,57,100,50,proportional,64,96
683,58,100,50,proportional,64,104
684,59,100,50,proportional,64,110
685,60,100,50,proportional,64,113
686,61,100,50,proportional,64,116
687,62,100,50,proportional,64,124
688,63,100,50,proportional,64,129
689,64,100,50,proportional,64,133
690,65,100,50,proportional,64,137
691,66,100,50,proportional,64,141
692,67,100,50,proportional,64,149
693,68,100,50,proportional,64,152
694,69,100,50,proportional,64,156
695,70,100,50,proportional,64,162
696,71,100,50,proportional,64,167
697,72,100,50,proportional,64,175
698,73,100,50,proportional,64,180
699,74,100,50,proportional,64,184
700,75,100,50,proportional,64,188
701,76,100,50,proportional,64,195
702,77,100,50,proportional,64,197
703,78,100,50,proportional,64,204
704,79,100,50,proportional,64,206
705,80,100,50,proportional,64,215
706,81,100,50,proportional,64,216
707,82,100,50,proportional,64,222
708,83,100,50,proportional,64,226
709,85,100,50,proportional,64,239
710,86,100,50,proportional,64,242
711,87,100,50,proportional,64,247
712,88,100,50,proportional,64,255
713,89,100,50,proportional,64,259
714,90,100,50,proportional,64,261
715,91,100,50,proportional,64,266
716,92,100,50,proportional,64,274
717,93,100,50,proportional,64,277
718,94,100,50,proportional,64,282
719,95,100,50,proportional,64,288
720,96,100,50,proportional,64,295
721,97,100,50,proportional,64,300
722,98,100,50,proportional,64,303
723,99,100,50,proportional,64,307
724,100,100,50,proportional,64,313
725,101,100,50,proportional,64,317
726,103,100,50,proportional,64,330
727,104,100,50,proportional,64,332
728,105,100,50,proportional,64,337
729,106,100,50,proportional,64,342
730,107,100,50,proportional,64,346
731,108,100,50,proportional,64,352
732,109,100,50,proportional,64,357
733,110,100,50,proportional,64,364
734,111,100,50,proportional,64,369
735,112,100,50,proportional,64,242
736,113,100,50,proportional,64,380
737,114,100,50,proportional,64,382
738,115,100,50,proportional,64,388
739,116,100,50,proportional,64,393
740,117,100,50,proportional,64,400
741,118,100,50,proportional,64,288
742,119,100,50,proportional,64,275
743,120,100,50,proportional,64,183
744,121,100,50,proportional,64,239
745,122,100,50,proportional,64,186
746,123,100,50,proportional,64,179
747,124,100,50,proportional,64,239
748,125,100,50,proportional,64,131
749,126,100,50,proportional,64,299
750,127,100,50,proportional,64,212
751,1,100,50,fixed,16,0
752,2,100,50,fixed,16,5
753,3,100,50,fixed,16,10
754,4,100,50,fixed,16,13
755,5,100,50,fixed,16,20
756,6,100,50,fixed,16,24
757,7,100,50,fixed,16,26
758,8,100,50,fixed,16,35
759,9,100,50,fixed,16,38
760,10,100,50,fixed,16,45
761,11,100,50,fixed,16,46
762,12,100,50,fixed,16,54
763,13,100,50,fixed,16,57
764,14,100,50,fixed,16,65
765,15,100,50,fixed,16,69
766,16,100,50,fixed,16,71
767,17,100,50,fixed,16,35
768,18,100,50,fixed,32,0
769,19,100,50,fixed,32,24
770,20,100,50,fixed,32,29
771,21,100,50,fixed,32,32
772,22,100,50,fixed,32,39
773,23,100,50,fixed,32,41
774,24,100,50,fixed,32,50
775,25,100,50,fixed,32,51
776,26,100,50,fixed,32,58
777,27,100,50,fixed,32,65
778,28,100,50,fixed,32,66
779,29,100,50,fixed,32,73
780,30,100,50,fixed,32,77
781,31,100,50,fixed,32,84
782,32,100,50,fixed,32,89
783,33,100,50,fixed,32,95
784,34,100,50,fixed,32,96
785,35,100,50,fixed,32,105
786,36,100,50,fixed,32,108
787,37,100,50,fixed,32,115
788,38,100,50,fixed,32,119
789,39,100,50,fixed,32,123
790,40,100,50,fixed,32,127
791,41,100,50,fixed,32,131
792,42,100,50,fixed,32,138
793,43,100,50,fixed,32,142
794,44,100,50,fixed,32,146
795,45,100,50,fixed,32,153
796,46,100,50,fixed,32,158
797,47,100,50,fixed,32,161
798,48,100,50,fixed,32,168
799,49,100,50,fixed,32,177
800,50,100,50,fixed,32,181
801,51,100,50,fixed,64,0
802,52,100,50,fixed,64,129
803,53,100,50,fixed,64,78
804,54,100,50,fixed,64,118
805,55,100,50,fixed,64,88
806,56,100,50,fixed,64,93
807,57,100,50,fixed,64,96
808,58,100,50,fixed,64,104
809,59,100,50,fixed,64,110
810,60,100,50,fixed,64,113
811,61,100,50,fixed,64,116
812,62,100,50,fixed,64,124
813,63,100,50,fixed,64,129
814,64,100,50,fixed,64,133
815,65,100,50,fixed,64,137
816,66,100,50,fixed,64,141
817,67,100,50,fixed,64,149
818,68,100,50,fixed,64,152
819,69,100,50,fixed,64,156
820,70,100,50,fixed,64,162
821,71,100,50,fixed,64,167
822,72,100,50,fixed,64,175
823,73,100,50,fixed,64,180
824,74,100,50,fixed,64,184
825,75,100,50,fixed,64,188
826,76,100,50,fixed,64,195
827,77,100,50,fixed,64,197
828,78,100,50,fixed,64,204
829,79,100,50,fixed,64,206
830,80,100,50,fixed,64,215
831,81,100,50,fixed,64,216
832,82,100,50,fixed,64,222
833,83,100,50,fixed,64,226
834,85,100,50,fixed,64,239
835,86,100,50,fixed,64,242
836,87,100,50,fixed,64,247
837,88,100,50,fixed,64,255
838,89,100,50,fixed,64,259
839,90,100,50,fixed,64,261
840,91,100,50,fixed,64,266
841,92,100,50,fixed,64,274
842,93,100,50,fixed,64,277
843,94,100,50,fixed,64,282
844,95,100,50,fixed,64,288
845,96,100,50,fixed,64,295
846,97,100,50,fixed,64,300
847,98,100,50,fixed,64,303
848,99,100,50,fixed,64,307
849,100,100,50,fixed,64,313
850,101,100,50,fixed,64,317
851,103,100,50,fixed,64,330
852,104,100,50,fixed,64,332
853,105,100,50,fixed,64,337
854,106,100,50,fixed,64,342
855,107,100,50,fixed,64,346
856,108,100,50,fixed,64,352
857,109,100,50,fixed,64,357
858,110,100,50,fixed,64,364
859,111,100,50,fixed,64,369
860,112,100,50,fixed,64,242
861,113,100,50,fixed,64,380
862,114,100,50,fixed,64,382
863,115,100,50,fixed,64,388
864,116,100,50,fixed,64,393
865,117,100,50,fixed,64,400
866,118,100,50,fixed,64,288
867,119,100,50,fixed,64,275
868,120,100,50,fixed,64,183
869,121,100,50,fixed,64,239
870,122,100,50,fixed,64,186
871,123,100,50,fixed,64,179
872,124,100,50,fixed,64,239
873,125,100,50,fixed,64,131
874,126,100,50,fixed,64,299
875,127,100,50,fixed,64,212
876,1,100,50,proportional,16,0
877,2,100,50,proportional,16,5
878,3,100,50,proportional,16,10
879,4,100,50,proportional,16,13
880,5,100,50,proportional,16,20
881,6,100,50,proportional,16,24
882,7,100,50,proportional,16,26
883,8,100,50,proportional,16,35
884,9,100,50,proportional,16,38
885,10,100,50,proportional,16,45
886,11,100,50,proportional,16,46
887,12,100,50,proportional,16,54
888,13,100,50,proportional,16,57
889,14,100,50,proportional,16,65
890,15,100,50,proportional,16,69
891,16,100,50,proportional,16,71
892,17,100,50,proportional,16,35
893,18,100,50,proportional,32,0
894,19,100,50,proportional,32,24
895,20,100,50,proportional,32,29
896,21,100,50,proportional,32,32
897,22,100,50,proportional,32,39
898,23,100,50,proportional,32,41
899,24,100,50,proportional,32,50
900,25,100,50,proportional,32,51
901,26,100,50,proportional,32,58
902,27,100,50,proportional,32,65
903,28,100,50,proportional,32,66
904,29,100,50,proportional,32,73
905,30,100,50,proportional,32,77
906,31,100,50,proportional,32,84
907,32,100,50,proportional,32,89
908,33,100,50,proportional,32,95
909,34,100,50,proportional,32,96
910,35,100,50,proportional,32,105
911,36,100,50,proportional,32,108
912,37,100,50,proportional,32,115
913,38,100,50,proportional,32,119
914,39,100,50,proportional,32,123
915,40,100,50,proportional,32,127
916,41,100,50,proportional,32,131
917,42,100,50,proportional,32,138
918,43,100,50,proportional,32,142
919,44,100,50,proportional,32,146
920,45,100,50,proportional,32,153
921,46,100,50,proportional,32,158
922,47,100,50,proportional,32,161
923,48,100,50,proportional,32,168
924,49,100,50,proportional,32,177
925,50,100,50,proportional,32,181
926,51,100,50,proportional,64,0
927,52,100,50,proportional,64,129
928,53,100,50,proportional,64,78
929,54,100,50,proportional,64,118
930,55,100,50,proportional,64,88
931,56,100,50,proportional,64,93
932,57,100,50,proportional,64,96
933,58,100,50,proportional,64,104
934,59,100,50,proportional,64,110
935,60,100,50,proportional,64,113
936,61,100,50,proportional,64,116
937,62,100,50,proportional,64,124
938,63,100,50,proportional,64,129
939,64,100,50,proportional,64,133
940,65,100,50,proportional,64,137
941,66,100,50,proportional,64,141
942,67,100,50,proportional,64,149
943,68,100,50,proportional,64,152
944,69,100,50,proportional,64,156
945,70,100,50,proportional,64,162
946,71,100,50,proportional,64,167
947,72,100,50,proportional,64,175
948,73,100,50,proportional,64,180
949,74,100,50,proportional,64,184
950,75,100,50,proportional,64,188
951,76,100,50,proportional,64,195
952,77,100,50,proportional,64,197
953,78,100,50,proportional,64,204
954,79,100,50,proportional,64,206
955,80,100,50,proportional,64,215
956,81,100,50,proportional,64,216
957,82,100,50,proportional,64,222
958,83,100,50,proportional,64,226
959,85,100,50,proportional,64,239
960,86,100,50,proportional,64,242
961,87,100,50,proportional,64,247
962,88,100,50,proportional,64,255
963,89,100,50,proportional,64,259
964,90,100,50,proportional,64,261
965,91,100,50,proportional,64,266
966,92,100,50,proportional,64,274
967,93,100,50,proportional,64,277
968,94,100,50,proportional,64,282
969,95,100,50,proportional,64,288
970,96,100,50,proportional,64,295
971,97,100,50,proportional,64,300
972,98,100,50,proportional,64,303
973,99,100,50,proportional,64,307
974,100,100,50,proportional,64,313
975,101,100,50,proportional,64,317
976,103,100,50,proportional,64,330
977,104,100,50,proportional,64,332
978,105,100,50,proportional,64,337
979,106,100,50,proportional,64,342
980,107,100,50,proportional,64,346
981,108,100,50,proportional,64,352
982,109,100,50,proportional,64,357
983,110,100,50,proportional,64,364
984,111,100,50,proportional,64,369
985,112,100,50,proportional,64,242
986,113,100,50,proportional,64,380
987,114,100,50,proportional,64,382
988,115,100,50,proportional,64,388
989,116,100,50,proportional,64,393
990,117,100,50,proportional,64,400
991,118,100,50,proportional,64,288
992,119,100,50,proportional,64,275
993,120,100,50,proportional,64,183
994,121,100,50,proportional,64,239
995,122,100,50,proportional,64,186
996,123,100,50,proportional,64,179
997,124,100,50,proportional,64,239
998,125,100,50,proportional,64,131
999,126,100,50,proportional,64,299
1000,127,100,50,proportional,64,212
1001,1,100,50,fixed,16,0
1002,2,100,50,fixed,16,5
1003,3,100,50,fixed,16,10
1004,4,100,50,fixed,16,13
1005,5,100,50,fixed,16,20
1006,6,100,50,fixed,16,24
1007,7,100,50,fixed,16,26
1008,8,100,50,fixed,16,35
1009,9,100,50,fixed,16,38
1010,10,100,50,fixed,16,45
1011,11,100,50,fixed,16,46
1012,12,100,50,fixed,16,54
1013,13,100,50,fixed,16,57
1014,14,100,50,fixed,16,65
1015,15,100,50,fixed,16,69
1016,16,100,50,fixed,16,71
1017,17,100,50,fixed,16,35
1018,18,100,50,fixed,32,0
1019,19,100,50,fixed,32,24
1020,20,100,50,fixed,32,29
1021,21,100,50,fixed,32,32
1022,22,100,50,fixed,32,39
1023,23,100,50,fixed,32,41
1024,24,100,50,fixed,32,50
1025,25,100,50,fixed,32,51
1026,26,100,50,fixed,32,58
1027,27,100,50,fixed,32,65
1028,28,100,50,fixed,32,66
1029,29,100,50,fixed,32,73
1030,30,100,50,fixed,32,77
1031,31,100,50,fixed,32,84
1032,32,100,50,fixed,32,89
1033,33,100,50,fixed,32,95
1034,34,100,50,fixed,32,96
1035,35,100,50,fixed,32,105
1036,36,100,50,fixed,32,108
1037,37,100,50,fixed,32,115
1038,38,100,50,fixed,32,119
1039,39,100,50,fixed,32,123
1040,40,100,50,fixed,32,127
1041,41,100,50,fixed,32,131
1042,42,100,50,fixed,32,138
1043,43,100,50,fixed,32,142
1044,44,100,50,fixed,32,146
1045,45,100,50,fixed,32,153
1046,46,100,50,fixed,32,158
1047,47,100,50,fixed,32,161
1048,48,100,50,fixed,32,168
1049,49,100,50,fixed,32,177
1050,50,100,50,fixed,32,181
1051,51,100,50,fixed,64,0
1052,52,100,50,fixed,64,129
1053,53,100,50,fixed,64,78
1054,54,100,50,fixed,64,118
1055,55,100,50,fixed,64,88
1056,56,100,50,fixed,64,93
1057,57,100,50,fixed,64,96
1058,58,100,50,fixed,64,104
1059,59,100,50,fixed,64,110
1060,60,100,50,fixed,64,113
1061,61,100,50,fixed,64,116
1062,62,100,50,fixed,64,124
1063,63,100,50,fixed,64,129
1064,64,100,50,fixed,64,133
1065,65,100,50,fixed,64,137
1066,66,100,50,fixed,64,141
1067,67,100,50,fixed,64,149
1068,68,100,50,fixed,64,152
1069,69,100,50,fixed,64,156
1070,70,100,50,fixed,64,162
1071,71,100,50,fixed,64,167
1072,72,100,50,fixed,64,175
1073,73,100,50,fixed,64,180
1074,74,100,50,fixed,64,184
1075,75,100,50,fixed,64,188
1076,76,100,50,fixed,64,195
1077,77,100,50,fixed,64,197
1078,78,100,50,fixed,64,204
1079,79,100,50,fixed,64,206
1080,80,100,50,fixed,64,215
1081,81,100,50,fixed,64,216
1082,82,100,50,fixed,64,222
1083,83,100,50,fixed,64,226
1084,85,100,50,fixed,64,239
1085,86,100,50,fixed,64,242
1086,87,100,50,fixed,64,247
1087,88,100,50,fixed,64,255
1088,89,100,50,fixed,64,259
1089,90,100,50,fixed,64,261
1090,91,100,50,fixed,64,266
1091,92,100,50,fixed,64,274
1092,93,100,50,fixed,64,277
1093,94,100,50,fixed,64,282
1094,95,100,50,fixed,64,288
1095,96,100,50,fixed,64,295
1096,97,100,50,fixed,64,300
1097,98,100,50,fixed,64,303
1098,99,100,50,fixed,64,307
1099,100,100,50,fixed,64,313
1100,101,100,50,fixed,64,317
1101,103,100,50,fixed,64,330
1102,104,100,50,fixed,64,332
1103,105,100,50,fixed,64,337
1104,106,100,50,fixed,64,342
1105,107,100,50,fixed,64,346
1106,108,100,50,fixed,64,352
1107,109,100,50,fixed,64,357
1108,110,100,50,fixed,64,364
1109,111,100,50,fixed,64,369
1110,112,100,50,fixed,64,242
1111,113,100,50,fixed,64,380
1112,114,100,50,fixed,64,382
1113,115,100,50,fixed,64,388
1114,116,100,50,fixed,64,393
1115,117,100,50,fixed,64,400
1116,118,100,50,fixed,64,288
1117,119,100,50,fixed,64,275
1118,120,100,50,fixed,64,183
1119,121,100,50,fixed,64,239
1120,122,100,50,fixed,64,186
1121,123,100,50,fixed,64,179
1122,124,100,50,fixed,64,239
1123,125,100,50,fixed,64,131
1124,126,100,50,fixed,64,299
1125,127,100,50,fixed,64,212
1126,1,100,50,proportional,16,0
1127,2,100,50,proportional,16,5
1128,3,100,50,proportional,16,10
1129,4,100,50,proportional,16,13
1130,5,100,50,proportional,16,20
1131,6,100,50,proportional,16,24
1132,7,100,50,proportional,16,26
1133,8,100,50,proportional,16,35
1134,9,100,50,proportional,16,38
1135,10,100,50,proportional,16,45
1136,11,100,50,proportional,16,46
1137,12,100,50,proportional,16,54
1138,13,100,50,proportional,16,57
1139,14,100,50,proportional,16,65
1140,15,100,50,proportional,16,69
1141,16,100,50,proportional,16,71
1142,17,100,50,proportional,16,35
1143,18,100,50,proportional,32,0
1144,19,100,50,proportional,32,24
1145,20,100,50,proportional,32,29
1146,21,100,50,proportional,32,32
1147,22,100,50,proportional,32,39
1148,23,100,50,proportional,32,41
1149,24,100,50,proportional,32,50
1150,25,100,50,proportional,32,51
1151,26,100,50,proportional,32,58
1152,27,100,50,proportional,32,65
1153,28,100,50,proportional,32,66
1154,29,100,50,proportional,32,73
1155,30,100,50,proportional,32,77
1156,31,100,50,proportional,32,84
1157,32,100,50,proportional,32,89
1158,33,100,50,proportional,32,95
1159,34,100,50,proportional,32,96
1160,35,100,50,proportional,32,105
1161,36,100,50,proportional,32,108
1162,37,100,50,proportional,32,115
1163,38,100,50,proportional,32,119
1164,39,100,50,proportional,32,123
1165,40,100,50,proportional,32,127
1166,41,100,50,proportional,32,131
1167,42,100,50,proportional,32,138
1168,43,100,50,proportional,32,142
1169,44,100,50,proportional,32,146
1170,45,100,50,proportional,32,153
1171,46,100,50,proportional,32,158
1172,47,100,50,proportional,32,161
1173,48,100,50,proportional,32,168
1174,49,100,50,proportional,32,177
1175,50,100,50,proportional,32,181
1176,51,100,50,proportional,64,0
1177,52,100,50,proportional,64,129
1178,53,100,50,proportional,64,78
1179,54,100,50,proportional,64,118
1180,55,100,50,proportional,64,88
1181,56,100,50,proportional,64,93
1182,57,100,50,proportional,64,96
1183,58,100,50,proportional,64,104
1184,59,100,50,proportional,64,110
1185,60,100,50,proportional,64,113
1186,61,100,50,proportional,64,116
1187,62,100,50,proportional,64,124
1188,63,100,50,proportional,64,129
1189,64,100,50,proportional,64,133
1190,65,100,50,proportional,64,137
1191,66,100,50,proportional,64,141
1192,67,100,50,proportional,64,149
1193,68,100,50,proportional,64,152
1194,69,100,50,proportional,64,156
1195,70,100,50,proportional,64,162
1196,71,100,50,proportional,64,167
1197,72,100,50,proportional,64,175
1198,73,100,50,proportional,64,180
1199,74,100,50,proportional,64,184
1200,75,100,50,proportional,64,188
1201,76,100,50,proportional,64,195
1202,77,100,50,proportional,64,197
1203,78,100,50,proportional,64,204
1204,79,100,50,proportional,64,206
1205,80,100,50,proportional,64,215
1206,81,100,50,proportional,64,216
1207,82,100,50,proportional,64,222
1208,83,100,50,proportional,64,226
1209,85,100,50,proportional,64,239
1210,86,100,50,proportional,64,242
1211,87,100,50,proportional,64,247
1212,88,100,50,proportional,64,255
1213,89,100,50,proportional,64,259
1214,90,100,50,proportional,64,261
1215,91,100,50,proportional,64,266
1216,92,100,50,proportional,64,274
1217,93,100,50,proportional,64,277
1218,94,100,50,proportional,64,282
1219,95,100,50,proportional,64,288
1220,96,100,50,proportional,64,295
1221,97,100,50,proportional,64,300
1222,98,100,50,proportional,64,303
1223,99,100,50,proportional,64,307
1224,100,100,50,proportional,64,313
1225,101,100,50,proportional,64,317
1226,103,100,50,proportional,64,330
1227,104,100,50,proportional,64,332
1228,105,100,50,proportional,64,337
1229,106,100,50,proportional,64,342
1230,107,100,50,proportional,64,346
1231,108,100,50,proportional,64,352
1232,109,100,50,proportional,64,357
1233,110,100,50,proportional,64,364
1234,111,100,50,proportional,64,369
1235,112,100,50,proportional,64,242
1236,113,100,50,proportional,64,380
1237,114,100,50,proportional,64,382
1238,115,100,50,proportional,64,388
1239,116,100,50,proportional,64,393
1240,117,100,50,proportional,64,400
1241,118,100,50,proportional,64,288
1242,119,100,50,proportional,64,275
1243,120,100,50,proportional,64,183
1244,121,100,50,proportional,64,239
1245,122,100,50,proportional,64,186
1246,123,100,50,proportional,64,179
1247,124,100,50,proportional,64,239
1248,125,100,50,proportional,64,131
1249,126,100,50,proportional,64,299
1250,127,100,50,proportional,64,212
1251,1,100,50,fixed,16,0
1252,2,100,50,fixed,16,5
1253,3,100,50,fixed,16,10
1254,4,100,50,fixed,16,13
1255,5,100,50,fixed,16,20
1256,6,100,50,fixed,16,24
1257,7,100,50,fixed,16,26
1258,8,100,50,fixed,16,35
1259,9,100,50,fixed,16,38
1260,10,100,50,fixed,16,45
1261,11,100,50,fixed,16,46
1262,12,100,50,fixed,16,54
1263,13,100,50,fixed,16,57
1264,14,100,50,fixed,16,65
1265,15,100,50,fixed,16,69
1266,16,100,50,fixed,16,71
1267,17,100,50,fixed,16,35
1268,18,100,50,fixed,32,0
1269,19,100,50,fixed,32,24
1270,20,100,50,fixed,32,29
1271,21,100,50,fixed,32,32
1272,22,100,50,fixed,32,39
1273,23,100,50,fixed,32,41
1274,24,100,50,fixed,32,50
1275,25,100,50,fixed,32,51
1276,26,100,50,fixed,32,58
1277,27,100,50,fixed,32,65
1278,28,100,50,fixed,32,66
1279,29,100,50,fixed,32,73
1280,30,100,50,fixed,32,77
1281,31,100,50,fixed,32,84
1282,32,100,50,fixed,32,89
1283,33,100,50,fixed,32,95
1284,34,100,50,fixed,32,96
1285,35,100,50,fixed,32,105
1286,36,100,50,fixed,32,108
1287,37,100,50,fixed,32,115
1288,38,100,50,fixed,32,119
1289,39,100,50,fixed,32,123
1290,40,100,50,fixed,32,127
1291,41,100,50,fixed,32,131
1292,42,100,50,fixed,32,138
1293,43,100,50,fixed,32,142
1294,44,100,50,fixed,32,146
1295,45,100,50,fixed,32,153
1296,46,100,50,fixed,32,158
1297,47,100,50,fixed,32,161
1298,48,100,50,fixed,32,168
1299,49,100,50,fixed,32,177
1300,50,100,50,fixed,32,181
1301,51,100,50,fixed,64,0
1302,52,100,50,fixed,64,129
1303,53,100,50,fixed,64,78
1304,54,100,50,fixed,64,118
1305,55,100,50,fixed,64,88
1306,56,100,50,fixed,64,93
1307,57,100,50,fixed,64,96
1308,58,100,50,fixed,64,104
1309,59,100,50,fixed,64,110
1310,60,100,50,fixed,64,113
1311,61,100,50,fixed,64,116
1312,62,100,50,fixed,64,124
1313,63,100,50,fixed,64,129
1314,64,100,50,fixed,64,133
1315,65,100,50,fixed,64,137
1316,66,100,50,fixed,64,141
1317,67,100,50,fixed,64,149
1318,68,100,50,fixed,64,152
1319,69,100,50,fixed,64,156
1320,70,100,50,fixed,64,162
1321,71,100,50,fixed,64,167
1322,72,100,50,fixed,64,175
1323,73,100,50,fixed,64,180
1324,74,100,50,fixed,64,184
1325,75,100,50,fixed,64,188
1326,76,100,50,fixed,64,195
1327,77,100,50,fixed,64,197
1328,78,100,50,fixed,64,204
1329,79,100,50,fixed,64,206
1330,80,100,50,fixed,64,215
1331,81,100,50,fixed,64,216
1332,82,100,50,fixed,64,222
1333,83,100,50,fixed,64,226
1334,85,100,50,fixed,64,239
1335,86,100,50,fixed,64,242
1336,87,100,50,fixed,64,247
1337,88,100,50,fixed,64,255
1338,89,100,50,fixed,64,259
1339,90,100,50,fixed,64,261
1340,91,100,50,fixed,64,266
1341,92,100,50,fixed,64,274
1342,93,100,50,fixed,64,277
1343,94,100,50,fixed,64,282
1344,95,100,50,fixed,64,288
1345,96,100,50,fixed,64,295
1346,97,100,50,fixed,64,300
1347,98,100,50,fixed,64,303
1348,99,100,50,fixed,64,307
1349,100,100,50,fixed,64,313
1350,101,100,50,fixed,64,317
1351,103,100,50,fixed,64,330
1352,104,100,50,fixed,64,332
1353,105,100,50,fixed,64,337
1354,106,100,50,fixed,64,342
1355,107,100,50,fixed,64,346
1356,108,100,50,fixed,64,352
1357,109,100,50,fixed,64,357
1358,110,100,50,fixed,64,364
1359,111,100,50,fixed,64,369
1360,112,100,50,fixed,64,242
1361,113,100,50,fixed,64,380
1362,114,100,50,fixed,64,382
1363,115,100,50,fixed,64,388
1364,116,100,50,fixed,64,393
1365,117,100,50,fixed,64,400
1366,118,100,50,fixed,64,288
1367,119,100,50,fixed,64,275
1368,120,100,50,fixed,64,183
1369,121,100,50,fixed,64,239
1370,122,100,50,fixed,64,186
1371,123,100,50,fixed,64,179
1372,124,100,50,fixed,64,239
1373,125,100,50,fixed,64,131
1374,126,100,50,fixed,64,299
1375,127,100,50,fixed,64,212
1376,1,100,50,proportional,16,0
1377,2,100,50,proportional,16,5
1378,3,100,50,proportional,16,10
1379,4,100,50,proportional,16,13
1380,5,100,50,proportional,16,20
1381,6,100,50,proportional,16,24
1382,7,100,50,proportional,16,26
1383,8,100,50,proportional,16,35
1384,9,100,50,proportional,16,38
1385,10,100,50,proportional,16,45
1386,11,100,50,proportional,16,46
1387,12,100,50,proportional,16,54
1388,13,100,50,proportional,16,57
1389,14,100,50,proportional,16,65
1390,15,100,50,proportional,16,69
1391,16,100,50,proportional,16,71
1392,17,100,50,proportional,16,35
1393,18,100,50,proportional,32,0
1394,19,100,50,proportional,32,24
1395,20,100,50,proportional,32,29
1396,21,100,50,proportional,32,32
1397,22,100,50,proportional,32,39
1398,23,100,50,proportional,32,41
1399,24,100,50,proportional,32,50
1400,25,100,50,proportional,32,51
1401,26,100,50,proportional,32,58
1402,27,100,50,proportional,32,65
1403,28,100,50,proportional,32,66
1404,29,100,50,proportional,32,73
1405,30,100,50,proportional,32,77
1406,31,100,50,proportional,32,84
1407,32,100,50,proportional,32,89
1408,33,100,50,proportional,32,95
1409,34,100,50,proportional,32,96
1410,35,100,50,proportional,32,105
1411,36,100,50,proportional,32,108
1412,37,100,50,proportional,32,115
1413,38,100,50,proportional,32,119
1414,39,100,50,proportional,32,123
1415,40,100,50,proportional,32,127
1416,41,100,50,proportional,32,131
1417,42,100,50,proportional,32,138
1418,43,100,50,proportional,32,142
1419,44,100,50,proportional,32,146
1420,45,100,50,proportional,32,153
1421,46,100,50,proportional,32,158
1422,47,100,50,proportional,32,161
1423,48,100,50,proportional,32,168
1424,49,100,50,proportional,32,177
1425,50,100,50,proportional,32,181
1426,51,100,50,proportional,64,0
1427,52,100,50,proportional,64,129
1428,53,100,50,proportional,64,78
1429,54,100,50,proportional,64,118
1430,55,100,50,proportional,64,88
1431,56,100,50,proportional,64,93
1432,57,100,50,proportional,64,96
1433,58,100,50,proportional,64,104
1434,59,100,50,proportional,64,110
1435,60,100,50,proportional,64,113
1436,61,100,50,proportional,64,116
1437,62,100,50,proportional,64,124
1438,63,100,50,proportional,64,129
1439,64,100,50,proportional,64,133
1440,65,100,50,proportional,64,137
1441,66,100,50,proportional,64,141
1442,67,100,50,proportional,64,149
1443,68,100,50,proportional,64,152
1444,69,100,50,proportional,64,156
1445,70,100,50,proportional,64,162
1446,71,100,50,proportional,64,167
1447,72,100,50,proportional,64,175
1448,73,100,50,proportional,64,180
1449,74,100,50,proportional,64,184
1450,75,100,50,proportional,64,188
1451,76,100,50,proportional,64,195
1452,77,100,50,proportional,64,197
1453,78,100,50,proportional,64,204
1454,79,100,50,proportional,64,206
1455,80,100,50,proportional,64,215
1456,81,100,50,proportional,64,216
1457,82,100,50,proportional,64,222
1458,83,100,50,proportional,64,226
1459,85,100,50,proportional,64,239
1460,86,100,50,proportional,64,242
1461,87,100,50,proportional,64,247
1462,88,100,50,proportional,64,255
1463,89,100,50,proportional,64,259
1464,90,100,50,proportional,64,261
1465,91,100,50,proportional,64,266
1466,92,100,50,proportional,64,274
1467,93,100,50,proportional,64,277
1468,94,100,50,proportional,64,282
1469,95,100,50,proportional,64,288
1470,96,100,50,proportional,64,295
1471,97,100,50,proportional,64,300
1472,98,100,50,proportional,64,303
1473,99,100,50,proportional,64,307
1474,100,100,50,proportional,64,313
1475,101,100,50,proportional,64,317
1476,103,100,50,proportional,64,330
1477,104,100,50,proportional,64,332
1478,105,100,50,proportional,64,337
1479,106,100,50,proportional,64,342
1480,107,100,50,proportional,64,346
1481,108,100,50,proportional,64,352
1482,109,100,50,proportional,64,357
1483,110,100,50,proportional,64,364
1484,111,100,50,proportional,64,369
1485,112,100,50,proportional,64,242
1486,113,100,50,proportional,64,380
1487,114,100,50,proportional,64,382
1488,115,100,50,proportional,64,388
1489,116,100,50,proportional,64,393
1490,117,100,50,proportional,64,400
1491,118,100,50,proportional,64,288
1492,119,100,50,proportional,64,275
1493,120,100,50,proportional,64,183
1494,121,100,50,proportional,64,239
1495,122,100,50,proportional,64,186
1496,123,100,50,proportional,64,179
1497,124,100,50,proportional,64,239
1498,125,100,50,proportional,64,131
1499,126,100,50,proportional,64,299
1500,127,100,50,proportional,64,212
1501,1,100,50,fixed,16,0
1502,2,100,50,fixed,16,5
1503,3,100,50,fixed,16,10
1504,4,100,50,fixed,16,13
1505,5,100,50,fixed,16,20
1506,6,100,50,fixed,16,24
1507,7,100,50,fixed,16,26
1508,8,100,50,fixed,16,35
1509,9,100,50,fixed,16,38
1510,10,100,50,fixed,16,45
1511,11,100,50,fixed,16,46
1512,12,100,50,fixed,16,54
1513,13,100,50,fixed,16,57
1514,14,100,50,fixed,16,65
1515,15,100,50,fixed,16,69
1516,16,100,50,fixed,16,71
1517,17,100,50,fixed,16,35
1518,18,100,50,fixed,32,0
1519,19,100,50,fixed,32,24
1520,20,100,50,fixed,32,29
1521,21,100,50,fixed,32,32
1522,22,100,50,fixed,32,39
1523,23,100,50,fixed,32,41
1524,24,100,50,fixed,32,50
1525,25,100,50,fixed,32,51
1526,26,100,50,fixed,32,58
1527,27,100,50,fixed,32,65
1528,28,100,50,fixed,32,66
1529,29,100,50,fixed,32,73
1530,30,100,50,fixed,32,77
1531,31,100,50,fixed,32,84
1532,32,100,50,fixed,32,89
1533,33,100,50,fixed,32,95
1534,34,100,50,fixed,32,96
1535,35,100,50,fixed,32,105
1536,36,100,50,fixed,32,108
1537,37,100,50,fixed,32,115
1538,38,100,50,fixed,32,119
1539,39,100,50,fixed,32,123
1540,40,100,50,fixed,32,127
1541,41,100,50,fixed,32,131
1542,42,100,50,fixed,32,138
1543,43,100,50,fixed,32,142
1544,44,100,50,fixed,32,146
1545,45,100,50,fixed,32,153
1546,46,100,50,fixed,32,158
1547,47,100,50,fixed,32,161
1548,48,100,50,fixed,32,168
1549,49,100,50,fixed,32,177
1550,50,100,50,fixed,32,181
1551,51,100,50,fixed,64,0
1552,52,100,50,fixed,64,129
1553,53,100,50,fixed,64,78
1554,54,100,50,fixed,64,118
1555,55,100,50,fixed,64,88
1556,56,100,50,fixed,64,93
1557,57,100,50,fixed,64,96
1558,58,100,50,fixed,64,104
1559,59,100,50,fixed,64,110
1560,60,100,50,fixed,64,113
1561,61,100,50,fixed,64,116
1562,62,100,50,fixed,64,124
1563,63,100,50,fixed,64,129
1564,64,100,50,fixed,64,133
1565,65,100,50,fixed,64,137
1566,66,100,50,fixed,64,141
1567,67,100,50,fixed,64,149
1568,68,100,50,fixed,64,152
1569,69,100,50,fixed,64,156
1570,70,100,50,fixed,64,162
1571,71,100,50,fixed,64,167
1572,72,100,50,fixed,64,175
1573,73,100,50,fixed,64,180
1574,74,100,50,fixed,64,184
1575,75,100,50,fixed,64,188
1576,76,100,50,fixed,64,195
1577,77,100,50,fixed,64,197
1578,78,100,50,fixed,64,204
1579,79,100,50,fixed,64,206
1580,80,100,50,fixed,64,215
1581,81,100,50,fixed,64,216
1582,82,100,50,fixed,64,222
1583,83,100,50,fixed,64,226
1584,85,100,50,fixed,64,239
1585,86,100,50,fixed,64,242
1586,87,100,50,fixed,64,247
1587,88,100,50,fixed,64,255
1588,89,100,50,fixed,64,259
1589,90,100,50,fixed,64,261
1590,91,100,50,fixed,64,266
1591,92,100,50,fixed,64,274
1592,93,100,50,fixed,64,277
1593,94,100,50,fixed,64,282
1594,95,100,50,fixed,64,288
1595,96,100,50,fixed,64,295
1596,97,100,50,fixed,64,300
1597,98,100,50,fixed,64,303
1598,99,100,50,fixed,64,307
1599,100,100,50,fixed,64,313
1600,101,100,50,fixed,64,317
1601,103,100,50,fixed,64,330
1602,104,100,50,fixed,64,332
1603,105,100,50,fixed,64,337
1604,106,100,50,fixed,64,342
1605,107,100,50,fixed,64,346
1606,108,100,50,fixed,64,352
1607,109,100,50,fixed,64,357
1608,110,100,50,fixed,64,364
1609,111,100,50,fixed,64,369
1610,112,100,50,fixed,64,242
1611,113,100,50,fixed,64,380
1612,114,100,50,fixed,64,382
1613,115,100,50,fixed,64,388
1614,116,100,50,fixed,64,393
1615,117,100,50,fixed,64,400
1616,118,100,50,fixed,64,288
1617,119,100,50,fixed,64,275
1618,120,100,50,fixed,64,183
1619,121,100,50,fixed,64,239
1620,122,100,50,fixed,64,186
1621,123,100,50,fixed,64,179
1622,124,100,50,fixed,64,239
1623,125,100,50,fixed,64,131
1624,126,100,50,fixed,64,299
1625,127,100,50,fixed,64,212
1626,1,100,50,proportional,16,0
1627,2,100,50,proportional,16,5
1628,3,100,50,proportional,16,10
1629,4,100,50,proportional,16,13
1630,5,100,50,proportional,16,20
1631,6,100,50,proportional,16,24
1632,7,100,50,proportional,16,26
1633,8,100,50,proportional,16,35
1634,9,100,50,proportional,16,38
1635,10,100,50,proportional,16,45
1636,11,100,50,proportional,16,46
1637,12,100,50,proportional,16,54
1638,13,100,50,proportional,16,57
1639,14,100,50,proportional,16,65
1640,15,100,50,proportional,16,69
1641,16,100,50,proportional,16,71
1642,17,100,50,proportional,16,35
1643,18,100,50,proportional,32,0
1644,19,100,50,proportional,32,24
1645,20,100,50,proportional,32,29
1646,21,100,50,proportional,32,32
1647,22,100,50,proportional,32,39
1648,23,100,50,proportional,32,41
1649,24,100,50,proportional,32,50
1650,25,100,50,proportional,32,51
1651,26,100,50,proportional,32,58
1652,27,100,50,proportional,32,65
1653,28,100,50,proportional,32,66
1654,29,100,50,proportional,32,73
1655,30,100,50,proportional,32,77
1656,31,100,50,proportional,32,84
1657,32,100,50,proportional,32,89
1658,33,100,50,proportional,32,95
1659,34,100,50,proportional,32,96
1660,35,100,50,proportional,32,105
1661,36,100,50,proportional,32,108
1662,37,100,50,proportional,32,115
1663,38,100,50,proportional,32,119
1664,39,100,50,proportional,32,123
1665,40,100,50,proportional,32,127
1666,41,100,50,proportional,32,131
1667,42,100,50,proportional,32,138
1668,43,100,50,proportional,32,142
1669,44,100,50,proportional,32,146
1670,45,100,50,proportional,32,153
1671,46,100,50,proportional,32,158
1672,47,100,50,proportional,32,161
1673,48,100,50,proportional,32,168
1674,49,100,50,proportional,32,177
1675,50,100,50,proportional,32,181
1676,51,100,50,proportional,64,0
1677,52,100,50,proportional,64,129
1678,53,100,50,proportional,64,78
1679,54,100,50,proportional,64,118
1680,55,100,50,proportional,64,88
1681,56,100,50,proportional,64,93
1682,57,100,50,proportional,64,96
1683,58,100,50,proportional,64,104
1684,59,100,50,proportional,64,110
1685,60,100,50,proportional,64,113
1686,61,100,50,proportional,64,116
1687,62,100,50,proportional,64,124
1688,63,100,50,proportional,64,129
1689,64,100,50,proportional,64,133
1690,65,100,50,proportional,64,137
1691,66,100,50,proportional,64,141
1692,67,100,50,proportional,64,149
1693,68,100,50,proportional,64,152
1694,69,100,50,proportional,64,156
1695,70,100,50,proportional,64,162
1696,71,100,50,proportional,64,167
1697,72,100,50,proportional,64,175
1698,73,100,50,proportional,64,180
1699,74,100,50,proportional,64,184
1700,75,100,50,proportional,64,188
1701,76,100,50,proportional,64,195
1702,77,100,50,proportional,64,197
1703,78,100,50,proportional,64,204
1704,79,100,50,proportional,64,206
1705,80,100,50,proportional,64,215
1706,81,100,50,proportional,64,216
1707,82,100,50,proportional,64,222
1708,83,100,50,proportional,64,226
1709,85,100,50,proportional,64,239
1710,86,100,50,proportional,64,242
1711,87,100,50,proportional,64,247
1712,88,100,50,proportional,64,255
1713,89,100,50,proportional,64,259
1714,90,100,50,proportional,64,261
1715,91,100,50,proportional,64,266
1716,92,100,50,proportional,64,274
1717,93,100,50,proportional,64,277
1718,94,100,50,proportional,64,282
1719,95,100,50,proportional,64,288
1720,96,100,50,proportional,64,295
1721,97,100,50,proportional,64,300
1722,98,100,50,proportional,64,303
1723,99,100,50,proportional,64,307
1724,100,100,50,proportional,64,313
1725,101,100,50,proportional,64,317
1726,103,100,50,proportional,64,330
1727,104,100,50,proportional,64,332
1728,105,100,50,proportional,64,337
1729,106,100,50,proportional,64,342
1730,107,100,50,proportional,64,346
1731,108,100,50,proportional,64,352
1732,109,100,50,proportional,64,357
1733,110,100,50,proportional,64,364
1734,111,100,50,proportional,64,369
1735,112,100,50,proportional,64,242
1736,113,100,50,proportional,64,380
1737,114,100,50,proportional,64,382
1738,115,100,50,proportional,64,388
1739,116,100,50,proportional,64,393
1740,117,100,50,proportional,64,400
1741,118,100,50,proportional,64,288
1742,119,100,50,proportional,64,275
1743,120,100,50,proportional,64,183
1744,121,100,50,proportional,64,239
1745,122,100,50,proportional,64,186
1746,123,100,50,proportional,64,179
1747,124,100,50,proportional,64,239
1748,125,100,50,proportional,64,131
1749,126,100,50,proportional,64,299
1750,127,100,50,proportional,64,212
1751,1,100,50,fixed,16,0
1752,2,100,50,fixed,16,5
1753,3,100,50,fixed,16,10
1754,4,100,50,fixed,16,13
1755,5,100,50,fixed,16,20
1756,6,100,50,fixed,16,24
1757,7,100,50,fixed,16,26
1758,8,100,50,fixed,16,35
1759,9,100,50,fixed,16,38
1760,10,100,50,fixed,16,45
1761,11,100,50,fixed,16,46
1762,12,100,50,fixed,16,54
1763,13,100,50,fixed,16,57
1764,14,100,50,fixed,16,65
1765,15,100,50,fixed,16,69
1766,16,100,50,fixed,16,71
1767,17,100,50,fixed,16,35
1768,18,100,50,fixed,32,0
1769,19,100,50,fixed,32,24
1770,20,100,50,fixed,32,29
1771,21,100,50,fixed,32,32
1772,22,100,50,fixed,32,39
1773,23,100,50,fixed,32,41
1774,24,100,50,fixed,32,50
1775,25,100,50,fixed,32,51
1776,26,100,50,fixed,32,58
1777,27,100,50,fixed,32,65
1778,28,100,50,fixed,32,66
1779,29,100,50,fixed,32,73
1780,30,100,50,fixed,32,77
1781,31,100,50,fixed,32,84
1782,32,100,50,fixed,32,89
1783,33,100,50,fixed,32,95
1784,34,100,50,fixed,32,96
1785,35,100,50,fixed,32,105
1786,36,100,50,fixed,32,108
1787,37,100,50,fixed,32,115
1788,38,100,50,fixed,32,119
1789,39,100,50,fixed,32,123
1790,40,100,50,fixed,32,127
1791,41,100,50,fixed,32,131
1792,42,100,50,fixed,32,138
1793,43,100,50,fixed,32,142
1794,44,100,50,fixed,32,146
1795,45,100,50,fixed,32,153
1796,46,100,50,fixed,32,158
1797,47,100,50,fixed,32,161
1798,48,100,50,fixed,32,168
1799,49,100,50,fixed,32,177
1800,50,100,50,fixed,32,181
1801,51,100,50,fixed,64,0
1802,52,100,50,fixed,64,129
1803,53,100,50,fixed,64,78
1804,54,100,50,fixed,64,118
1805,55,100,50,fixed,64,88
1806,56,100,50,fixed,64,93
1807,57,100,50,fixed,64,96
1808,58,100,50,fixed,64,104
1809,59,100,50,fixed,64,110
1810,60,100,50,fixed,64,113
1811,61,100,50,fixed,64,116
1812,62,100,50,fixed,64,124
1813,63,100,50,fixed,64,129
1814,64,100,50,fixed,64,133
1815,65,100,50,fixed,64,137
1816,66,100,50,fixed,64,141
1817,67,100,50,fixed,64,149
1818,68,100,50,fixed,64,152
1819,69,100,50,fixed,64,156
1820,70,100,50,fixed,64,162
1821,71,100,50,fixed,64,167
1822,72,100,50,fixed,64,175
1823,73,100,50,fixed,64,180
1824,74,100,50,fixed,64,184
1825,75,100,50,fixed,64,188
1826,76,100,50,fixed,64,195
1827,77,100,50,fixed,64,197
1828,78,100,50,fixed,64,204
1829,79,100,50,fixed,64,206
1830,80,100,50,fixed,64,215
1831,81,100,50,fixed,64,216
1832,82,100,50,fixed,64,222
1833,83,100,50,fixed,64,226
1834,85,100,50,fixed,64,239
1835,86,100,50,fixed,64,242
1836,87,100,50,fixed,64,247
1837,88,100,50,fixed,64,255
1838,89,100,50,fixed,64,259
1839,90,100,50,fixed,64,261
1840,91,100,50,fixed,64,266
1841,92,100,50,fixed,64,274
1842,93,100,50,fixed,64,277
1843,94,100,50,fixed,64,282
1844,95,100,50,fixed,64,288
1845,96,100,50,fixed,64,295
1846,97,100,50,fixed,64,300
1847,98,100,50,fixed,64,303
1848,99,100,50,fixed,64,307
1849,100,100,50,fixed,64,313
1850,101,100,50,fixed,64,317
1851,103,100,50,fixed,64,330
1852,104,100,50,fixed,64,332
1853,105,100,50,fixed,64,337
1854,106,100,50,fixed,64,342
1855,107,100,50,fixed,64,346
1856,108,100,50,fixed,64,352
1857,109,100,50,fixed,64,357
1858,110,100,50,fixed,64,364
1859,111,100,50,fixed,64,369
1860,112,100,50,fixed,64,242
1861,113,100,50,fixed,64,380
1862,114,100,50,fixed,64,382
1863,115,100,50,fixed,64,388
1864,116,100,50,fixed,64,393
1865,117,100,50,fixed,64,400
1866,118,100,50,fixed,64,288
1867,119,100,50,fixed,64,275
1868,120,100,50,fixed,64,183
1869,121,100,50,fixed,64,239
1870,122,100,50,fixed,64,186
1871,123,100,50,fixed,64,179
1872,124,100,50,fixed,64,239
1873,125,100,50,fixed,64,131
1874,126,100,50,fixed,64,299
1875,127,100,50,fixed,64,212
1876,1,100,50,proportional,16,0
1877,2,100,50,proportional,16,5
1878,3,100,50,proportional,16,10
1879,4,100,50,proportional,16,13
1880,5,100,50,proportional,16,20
1881,6,100,50,proportional,16,24
1882,7,100,50,proportional,16,26
1883,8,100,50,proportional,16,35
1884,9,100,50,proportional,16,38
1885,10,100,50,proportional,16,45
1886,11,100,50,proportional,16,46
1887,12,100,50,proportional,16,54
1888,13,100,50,proportional,16,57
1889,14,100,50,proportional,16,65
1890,15,100,50,proportional,16,69
1891,16,100,50,proportional,16,71
1892,17,100,50,proportional,16,35
1893,18,100,50,proportional,32,0
1894,19,100,50,proportional,32,24
1895,20,100,50,proportional,32,29
1896,21,100,50,proportional,32,32
1897,22,100,50,proportional,32,39
1898,23,100,50,proportional,32,41
1899,24,100,50,proportional,32,50
1900,25,100,50,proportional,32,51
1901,26,100,50,proportional,32,58
1902,27,100,50,proportional,32,65
1903,28,100,50,proportional,32,66
1904,29,100,50,proportional,32,73
1905,30,100,50,proportional,32,77
1906,31,100,50,proportional,32,84
1907,32,100,50,proportional,32,89
1908,33,100,50,proportional,32,95
1909,34,100,50,proportional,32,96
1910,35,100,50,proportional,32,105
1911,36,100,50,proportional,32,108
1912,37,100,50,proportional,32,115
1913,38,100,50,proportional,32,119
1914,39,100,50,proportional,32,123
1915,40,100,50,proportional,32,127
1916,41,100,50,proportional,32,131
1917,42,100,50,proportional,32,138
1918,43,100,50,proportional,32,142
1919,44,100,50,proportional,32,146
1920,45,100,50,proportional,32,153
1921,46,100,50,proportional,32,158
1922,47,100,50,proportional,32,161
1923,48,100,50,proportional,32,168
1924,49,100,50,proportional,32,177
1925,50,100,50,proportional,32,181
1926,51,100,50,proportional,64,0
1927,52,100,50,proportional,64,129
1928,53,100,50,proportional,64,78
1929,54,100,50,proportional,64,118
1930,55,100,50,proportional,64,88
1931,56,100,50,proportional,64,93
1932,57,100,50,proportional,64,96
1933,58,100,50,proportional,64,104
1934,59,100,50,proportional,64,110
1935,60,100,50,proportional,64,113
1936,61,100,50,proportional,64,116
1937,62,100,50,proportional,64,124
1938,63,100,50,proportional,64,129
1939,64,100,50,proportional,64,133
1940,65,100,50,proportional,64,137
1941,66,100,50,proportional,64,141
1942,67,100,50,proportional,64,149
1943,68,100,50,proportional,64,152
1944,69,100,50,proportional,64,156
1945,70,100,50,proportional,64,162
1946,71,100,50,proportional,64,167
1947,72,100,50,proportional,64,175
1948,73,100,50,proportional,64,180
1949,74,100,50,proportional,64,184
1950,75,100,50,proportional,64,188
1951,76,100,50,proportional,64,195
1952,77,100,50,proportional,64,197
1953,78,100,50,proportional,64,204
1954,79,100,50,proportional,64,206
1955,80,100,50,proportional,64,215
1956,81,100,50,proportional,64,216
1957,82,100,50,proportional,64,222
1958,83,100,50,proportional,64,226
1959,85,100,50,proportional,64,239
1960,86,100,50,proportional,64,242
1961,87,100,50,proportional,64,247
1962,88,100,50,proportional,64,255
1963,89,100,50,proportional,64,259
1964,90,100,50,proportional,64,261
1965,91,100,50,proportional,64,266
1966,92,100,50,proportional,64,274
1967,93,100,50,proportional,64,277
1968,94,100,50,proportional,64,282
1969,95,100,50,proportional,64,288
1970,96,100,50,proportional,64,295
1971,97,100,50,proportional,64,300
1972,98,100,50,proportional,64,303
1973,99,100,50,proportional,64,307
1974,100,100,50,proportional,64,313
1975,101,100,50,proportional,64,317
1976,103,100,50,proportional,64,330
1977,104,100,50,proportional,64,332
1978,105,100,50,proportional,64,337
1979,106,100,50,proportional,64,342
1980,107,100,50,proportional,64,346
1981,108,100,50,proportional,64,352
1982,109,100,50,proportional,64,357
1983,110,100,50,proportional,64,364
1984,111,100,50,proportional,64,369
1985,112,100,50,proportional,64,242
1986,113,100,50,proportional,64,380
1987,114,100,50,proportional,64,382
1988,115,100,50,proportional,64,388
1989,116,100,50,proportional,64,393
1990,117,100,50,proportional,64,400
1991,118,100,50,proportional,64,288
1992,119,100,50,proportional,64,275
1993,120,100,50,proportional,64,183
1994,121,100,50,proportional,64,239
1995,122,100,50,proportional,64,186
1996,123,100,50,proportional,64,179
1997,124,100,50,proportional,64,239
1998,125,100,50,proportional,64,131
1999,126,100,50,proportional,64,299
2000,127,100,50,proportional,64,212
2001,1,100,50,fixed,16,0
2002,2,100,50,fixed,16,5
2003,3,100,50,fixed,16,10
2004,4,100,50,fixed,16,13
2005,5,100,50,fixed,16,20
2006,6,100,50,fixed,16,24
2007,7,100,50,fixed,16,26
2008,8,100,50,fixed,16,35
2009,9,100,50,fixed,16,38
2010,10,100,50,fixed,16,45
2011,11,100,50,fixed,16,46
2012,12,100,50,fixed,16,54
2013,13,100,50,fixed,16,57
2014,14,100,50,fixed,16,65
2015,15,100,50,fixed,16,69
2016,16,100,50,fixed,16,71
2017,17,100,50,fixed,16,35
2018,18,100,50,fixed,32,0
2019,19,100,50,fixed,32,24
2020,20,100,50,fixed,32,29
2021,21,100,50,fixed,32,32
2022,22,100,50,fixed,32,39
2023,23,100,50,fixed,32,41
2024,24,100,50,fixed,32,50
2025,25,100,50,fixed,32,51
2026,26,100,50,fixed,32,58
2027,27,100,50,fixed,32,65
2028,28,100,50,fixed,32,66
2029,29,100,50,fixed,32,73
2030,30,100,50,fixed,32,77
2031,31,100,50,fixed,32,84
2032,32,100,50,fixed,32,89
2033,33,100,50,fixed,32,95
2034,34,100,50,fixed,32,96
2035,35,100,50,fixed,32,105
2036,36,100,50,fixed,32,108
2037,37,100,50,fixed,32,115
2038,38,100,50,fixed,32,119
2039,39,100,50,fixed,32,123
2040,40,100,50,fixed,32,127
2041,41,100,50,fixed,32,131
2042,42,100,50,fixed,32,138
2043,43,100,50,fixed,32,142
2044,44,100,50,fixed,32,146
2045,45,100,50,fixed,32,153
2046,46,100,50,fixed,32,158
2047,47,100,50,fixed,32,161
2048,48,100,50,fixed,32,168
2049,49,100,50,fixed,32,177
2050,50,100,50,fixed,32,181
2051,51,100,50,fixed,64,0
2052,52,100,50,fixed,64,129
2053,53,100,50,fixed,64,78
2054,54,100,50,fixed,64,118
2055,55,100,50,fixed,64,88
2056,56,100,50,fixed,64,93
2057,57,100,50,fixed,64,96
2058,58,100,50,fixed,64,104
2059,59,100,50,fixed,64,110
2060,60,100,50,fixed,64,113
2061,61,100,50,fixed,64,116
2062,62,100,50,fixed,64,124
2063,63,100,50,fixed,64,129
2064,64,100,50,fixed,64,133
2065,65,100,50,fixed,64,137
2066,66,100,50,fixed,64,141
2067,67,100,50,fixed,64,149
2068,68,100,50,fixed,64,152
2069,69,100,50,fixed,64,156
2070,70,100,50,fixed,64,162
2071,71,100,50,fixed,64,167
2072,72,100,50,fixed,64,175
2073,73,100,50,fixed,64,180
2074,74,100,50,fixed,64,184
2075,75,100,50,fixed,64,188
2076,76,100,50,fixed,64,195
2077,77,100,50,fixed,64,197
2078,78,100,50,fixed,64,204
2079,79,100,50,fixed,64,206
2080,80,100,50,fixed,64,215
2081,81,100,50,fixed,64,216
2082,82,100,50,fixed,64,222
2083,83,100,50,fixed,64,226
2084,85,100,50,fixed,64,239
2085,86,100,50,fixed,64,242
2086,87,100,50,fixed,64,247
2087,88,100,50,fixed,64,255
2088,89,100,50,fixed,64,259
2089,90,100,50,fixed,64,261
2090,91,100,50,fixed,64,266
2091,92,100,50,fixed,64,274
2092,93,100,50,fixed,64,277
2093,94,100,50,fixed,64,282
2094,95,100,50,fixed,64,288
2095,96,100,50,fixed,64,295
2096,97,100,50,fixed,64,300
2097,98,100,50,fixed,64,303
2098,99,100,50,fixed,64,307
2099,100,100,50,fixed,64,313
2100,101,100,50,fixed,64,317
2101,103,100,50,fixed,64,330
2102,104,100,50,fixed,64,332
2103,105,100,50,fixed,64,337
2104,106,100,50,fixed,64,342
2105,107,100,50,fixed,64,346
2106,108,100,50,fixed,64,352
2107,109,100,50,fixed,64,357
2108,110,100,50,fixed,64,364
2109,111,100,50,fixed,64,369
2110,112,100,50,fixed,64,242
2111,113,100,50,fixed,64,380
2112,114,100,50,fixed,64,382
2113,115,100,50,fixed,64,388
2114,116,100,50,fixed,64,393
2115,117,100,50,fixed,64,400
2116,118,100,50,fixed,64,288
2117,119,100,50,fixed,64,275
2118,120,100,50,fixed,64,183
2119,121,100,50,fixed,64,239
2120,122,100,50,fixed,64,186
2121,123,100,50,fixed,64,179
2122,124,100,50,fixed,64,239
2123,125,100,50,fixed,64,131
2124,126,100,50,fixed,64,299
2125,127,100,50,fixed,64,212
2126,1,100,50,proportional,16,0
2127,2,100,50,proportional,16,5
2128,3,100,50,proportional,16,10
2129,4,100,50,proportional,16,13
2130,5,100,50,proportional,16,20
2131,6,100,50,proportional,16,24
2132,7,100,50,proportional,16,26
2133,8,100,50,proportional,16,35
2134,9,100,50,proportional,16,38
2135,10,100,50,proportional,16,45
2136,11,100,50,proportional,16,46
2137,12,100,50,proportional,16,54
2138,13,100,50,proportional,16,57
2139,14,100,50,proportional,16,65
2140,15,100,50,proportional,16,69
2141,16,100,50,proportional,16,71
2142,17,100,50,proportional,16,35
2143,18,100,50,proportional,32,0
2144,19,100,50,proportional,32,24
2145,20,100,50,proportional,32,29
2146,21,100,50,proportional,32,32
2147,22,100,50,proportional,32,39
2148,23,100,50,proportional,32,41
2149,24,100,50,proportional,32,50
2150,25,100,50,proportional,32,51
2151,26,100,50,proportional,32,58
2152,27,100,50,proportional,32,65
2153,28,100,50,proportional,32,66
2154,29,100,50,proportional,32,73
2155,30,100,50,proportional,32,77
2156,31,100,50,proportional,32,84
2157,32,100,50,proportional,32,89
2158,33,100,50,proportional,32,95
2159,34,100,50,proportional,32,96
2160,35,100,50,proportional,32,105
2161,36,100,50,proportional,32,108
2162,37,100,50,proportional,32,115
2163,38,100,50,proportional,32,119
2164,39,100,50,proportional,32,123
2165,40,100,50,proportional,32,127
2166,41,100,50,proportional,32,131
2167,42,100,50,proportional,32,138
2168,43,100,50,proportional,32,142
2169,44,100,50,proportional,32,146
2170,45,100,50,proportional,32,153
2171,46,100,50,proportional,32,158
2172,47,100,50,proportional,32,161
2173,48,100,50,proportional,32,168
2174,49,100,50,proportional,32,177
2175,50,100,50,proportional,32,181
2176,51,100,50,proportional,64,0
2177,52,100,50,proportional,64,129
2178,53,100,50,proportional,64,78
2179,54,100,50,proportional,64,118
2180,55,100,50,proportional,64,88
2181,56,100,50,proportional,64,93
2182,57,100,50,proportional,64,96
2183,58,100,50,proportional,64,104
2184,59,100,50,proportional,64,110
2185,60,100,50,proportional,64,113
2186,61,100,50,proportional,64,116
2187,62,100,50,proportional,64,124
2188,63,100,50,proportional,64,129
2189,64,100,50,proportional,64,133
2190,65,100,50,proportional,64,137
2191,66,100,50,proportional,64,141
2192,67,100,50,proportional,64,149
2193,68,100,50,proportional,64,152
2194,69,100,50,proportional,64,156
2195,70,100,50,proportional,64,162
2196,71,100,50,proportional,64,167
2197,72,100,50,proportional,64,175
2198,73,100,50,proportional,64,180
2199,74,100,50,proportional,64,184
2200,75,100,50,proportional,64,188
2201,76,100,50,proportional,64,195
2202,77,100,50,proportional,64,197
2203,78,100,50,proportional,64,204
2204,79,100,50,proportional,64,206
2205,80,100,50,proportional,64,215
2206,81,100,50,proportional,64,216
2207,82,100,50,proportional,64,222
2208,83,100,50,proportional,64,226
2209,85,100,50,proportional,64,239
2210,86,100,50,proportional,64,242
2211,87,100,50,proportional,64,247
2212,88,100,50,proportional,64,255
2213,89,100,50,proportional,64,259
2214,90,100,50,proportional,64,261
2215,91,100,50,proportional,64,266
2216,92,100,50,proportional,64,274
2217,93,100,50,proportional,64,277
2218,94,100,50,proportional,64,282
2219,95,100,50,proportional,64,288
2220,96,100,50,proportional,64,295
2221,97,100,50,proportional,64,300
2222,98,100,50,proportional,64,303
2223,99,100,50,proportional,64,307
2224,100,100,50,proportional,64,313
2225,101,100,50,proportional,64,317
2226,103,100,50,proportional,64,330
2227,104,100,50,proportional,64,332
2228,105,100,50,proportional,64,337
2229,106,100,50,proportional,64,342
2230,107,100,50,proportional,64,346
2231,108,100,50,proportional,64,352
2232,109,100,50,proportional,64,357
2233,110,100,50,proportional,64,364
2234,111,100,50,proportional,64,369
2235,112,100,50,proportional,64,242
2236,113,100,50,proportional,64,380
2237,114,100,50,proportional,64,382
2238,115,100,50,proportional,64,388
2239,116,100,50,proportional,64,393
2240,117,100,50,proportional,64,400
2241,118,100,50,proportional,64,288
2242,119,100,50,proportional,64,275
2243,120,100,50,proportional,64,183
2244,121,100,50,proportional,64,239
2245,122,100,50,proportional,64,186
2246,123,100,50,proportional,64,179
2247,124,100,50,proportional,64,239
2248,125,100,50,proportional,64,131
2249,126,100,50,proportional,64,299
2250,127,100,50,proportional,64,212
2251,1,100,50,fixed,16,0
2252,2,100,50,fixed,16,5
2253,3,100,50,fixed,16,10
2254,4,100,50,fixed,16,13
2255,5,100,50,fixed,16,20
2256,6,100,50,fixed,16,24
2257,7,100,50,fixed,16,26
2258,8,100,50,fixed,16,35
2259,9,100,50,fixed,16,38
2260,10,100,50,fixed,16,45
2261,11,100,50,fixed,16,46
2262,12,100,50,fixed,16,54
2263,13,100,50,fixed,16,57
2264,14,100,50,fixed,16,65
2265,15,100,50,fixed,16,69
2266,16,100,50,fixed,16,71
2267,17,100,50,fixed,16,35
2268,18,100,50,fixed,32,0
2269,19,100,50,fixed,32,24
2270,20,100,50,fixed,32,29
2271,21,100,50,fixed,32,32
2272,22,100,50,fixed,32,39
2273,23,100,50,fixed,32,41
2274,24,100,50,fixed,32,50
2275,25,100,50,fixed,32,51
2276,26,100,50,fixed,32,58
2277,27,100,50,fixed,32,65
2278,28,100,50,fixed,32,66
2279,29,100,50,fixed,32,73
2280,30,100,50,fixed,32,77
2281,31,100,50,fixed,32,84
2282,32,100,50,fixed,32,89
2283,33,100,50,fixed,32,95
2284,34,100,50,fixed,32,96
2285,35,100,50,fixed,32,105
2286,36,100,50,fixed,32,108
2287,37,100,50,fixed,32,115
2288,38,100,50,fixed,32,119
2289,39,100,50,fixed,32,123
2290,40,100,50,fixed,32,127
2291,41,100,50,fixed,32,131
2292,42,100,50,fixed,32,138
2293,43,100,50,fixed,32,142
2294,44,100,50,fixed,32,146
2295,45,100,50,fixed,32,153
2296,46,100,50,fixed,32,158
2297,47,100,50,fixed,32,161
2298,48,100,50,fixed,32,168
2299,49,100,50,fixed,32,177
2300,50,100,50,fixed,32,181
2301,51,100,50,fixed,64,0
2302,52,100,50,fixed,64,129
2303,53,100,50,fixed,64,78
2304,54,100,50,fixed,64,118
2305,55,100,50,fixed,64,88
2306,56,100,50,fixed,64,93
2307,57,100,50,fixed,64,96
2308,58,100,50,fixed,64,104
2309,59,100,50,fixed,64,110
2310,60,100,50,fixed,64,113
2311,61,100,50,fixed,64,116
2312,62,100,50,fixed,64,124
2313,63,100,50,fixed,64,129
2314,64,100,50,fixed,64,133
2315,65,100,50,fixed,64,137
2316,66,100,50,fixed,64,141
2317,67,100,50,fixed,64,149
2318,68,100,50,fixed,64,152
2319,69,100,50,fixed,64,156
2320,70,100,50,fixed,64,162
2321,71,100,50,fixed,64,167
2322,72,100,50,fixed,64,175
2323,73,100,50,fixed,64,180
2324,74,100,50,fixed,64,184
2325,75,100,50,fixed,64,188
2326,76,100,50,fixed,64,195
2327,77,100,50,fixed,64,197
2328,78,100,50,fixed,64,204
2329,79,100,50,fixed,64,206
2330,80,100,50,fixed,64,215
2331,81,100,50,fixed,64,216
2332,82,100,50,fixed,64,222
2333,83,100,50,fixed,64,226
2334,85,100,50,fixed,64,239
2335,86,100,50,fixed,64,242
2336,87,100,50,fixed,64,247
2337,88,100,50,fixed,64,255
2338,89,100,50,fixed,64,259
2339,90,100,50,fixed,64,261
2340,91,100,50,fixed,64,266
2341,92,100,50,fixed,64,274
2342,93,100,50,fixed,64,277
2343,94,100,50,fixed,64,282
2344,95,100,50,fixed,64,288
2345,96,100,50,fixed,64,295
2346,97,100,50,fixed,64,300
2347,98,100,50,fixed,64,303
2348,99,100,50,fixed,64,307
2349,100,100,50,fixed,64,313
2350,101,100,50,fixed,64,317
2351,103,100,50,fixed,64,330
2352,104,100,50,fixed,64,332
2353,105,100,50,fixed,64,337
2354,106,100,50,fixed,64,342
2355,107,100,50,fixed,64,346
2356,108,100,50,fixed,64,352
2357,109,100,50,fixed,64,357
2358,110,100,50,fixed,64,364
2359,111,100,50,fixed,64,369
2360,112,100,50,fixed,64,242
2361,113,100,50,fixed,64,380
2362,114,100,50,fixed,64,382
2363,115,100,50,fixed,64,388
2364,116,100,50,fixed,64,393
2365,117,100,50,fixed,64,400
2366,118,100,50,fixed,64,288
2367,119,100,50,fixed,64,275
2368,120,100,50,fixed,64,183
2369,121,100,50,fixed,64,239
2370,122,100,50,fixed,64,186
2371,123,100,50,fixed,64,179
2372,124,100,50,fixed,64,239
2373,125,100,50,fixed,64,131
2374,126,100,50,fixed,64,299
2375,127,100,50,fixed,64,212
2376,1,100,50,proportional,16,0
2377,2,100,50,proportional,16,5
2378,3,100,50,proportional,16,10
2379,4,100,50,proportional,16,13
2380,5,100,50,proportional,16,20
2381,6,100,50,proportional,16,24
2382,7,100,50,proportional,16,26
2383,8,100,50,proportional,16,35
2384,9,100,50,proportional,16,38
2385,10,100,50,proportional,16,45
2386,11,100,50,proportional,16,46
2387,12,100,50,proportional,16,54
2388,13,100,50,proportional,16,57
2389,14,100,50,proportional,16,65
2390,15,100,50,proportional,16,69
2391,16,100,50,proportional,16,71
2392,17,100,50,proportional,16,35
2393,18,100,50,proportional,32,0
2394,19,100,50,proportional,32,24
2395,20,100,50,proportional,32,29
2396,21,100,50,proportional,32,32
2397,22,100,50,proportional,32,39
2398,23,100,50,proportional,32,41
2399,24,100,50,proportional,32,50
2400,25,100,50,proportional,32,51
2401,26,100,50,proportional,32,58
2402,27,100,50,proportional,32,65
2403,28,100,50,proportional,32,66
2404,29,100,50,proportional,32,73
2405,30,100,50,proportional,32,77
2406,31,100,50,proportional,32,84
2407,32,100,50,proportional,32,89
2408,33,100,50,proportional,32,95
2409,34,100,50,proportional,32,96
2410,35,100,50,proportional,32,105
2411,36,100,50,proportional,32,108
2412,37,100,50,proportional,32,115
2413,38,100,50,proportional,32,119
2414,39,100,50,proportional,32,123
2415,40,100,50,proportional,32,127
2416,41,100,50,proportional,32,131
2417,42,100,50,proportional,32,138
2418,43,100,50,proportional,32,142
2419,44,100,50,proportional,32,146
2420,45,100,50,proportional,32,153
2421,46,100,50,proportional,32,158
2422,47,100,50,proportional,32,161
2423,48,100,50,proportional,32,168
2424,49,100,50,proportional,32,177
2425,50,100,50,proportional,32,181
2426,51,100,50,proportional,64,0
2427,52,100,50,proportional,64,129
2428,53,100,50,proportional,64,78
2429,54,100,50,proportional,64,118
2430,55,100,50,proportional,64,88
2431,56,100,50,proportional,64,93
2432,57,100,50,proportional,64,96
2433,58,100,50,proportional,64,104
2434,59,100,50,proportional,64,110
2435,60,100,50,proportional,64,113
2436,61,100,50,proportional,64,116
2437,62,100,50,proportional,64,124
2438,63,100,50,proportional,64,129
2439,64,100,50,proportional,64,133
2440,65,100,50,proportional,64,137
2441,66,100,50,proportional,64,141
2442,67,100,50,proportional,64,149
2443,68,100,50,proportional,64,152
2444,69,100,50,proportional,64,156
2445,70,100,50,proportional,64,162
2446,71,100,50,proportional,64,167
2447,72,100,50,proportional,64,175
2448,73,100,50,proportional,64,180
2449,74,100,50,proportional,64,184
2450,75,100,50,proportional,64,188
2451,76,100,50,proportional,64,195
2452,77,100,50,proportional,64,197
2453,78,100,50,proportional,64,204
2454,79,100,50,proportional,64,206
2455,80,100,50,proportional,64,215
2456,81,100,50,proportional,64,216
2457,82,100,50,proportional,64,222
2458,83,100,50,proportional,64,226
2459,85,100,50,proportional,64,239
2460,86,100,50,proportional,64,242
2461,87,100,50,proportional,64,247
2462,88,100,50,proportional,64,255
2463,89,100,50,proportional,64,259
2464,90,100,50,proportional,64,261
2465,91,100,50,proportional,64,266
2466,92,100,50,proportional,64,274
2467,93,100,50,proportional,64,277
2468,94,100,50,proportional,64,282
2469,95,100,50,proportional,64,288
2470,96,100,50,proportional,64,295
2471,97,100,50,proportional,64,300
2472,98,100,50,proportional,64,303
2473,99,100,50,proportional,64,307
2474,100,100,50,proportional,64,313
2475,101,100,50,proportional,64,317
2476,103,100,50,proportional,64,330
2477,104,100,50,proportional,64,332
2478,105,100,50,proportional,64,337
2479,106,100,50,proportional,64,342
2480,107,100,50,proportional,64,346
2481,108,100,50,proportional,64,352
2482,109,100,50,proportional,64,357
2483,110,100,50,proportional,64,364
2484,111,100,50,proportional,64,369
2485,112,100,50,proportional,64,242
2486,113,100,50,proportional,64,380
2487,114,100,50,proportional,64,382
2488,115,100,50,proportional,64,388
2489,116,100,50,proportional,64,393
2490,117,100,50,proportional,64,400
2491,118,100,50,proportional,64,288
2492,119,100,50,proportional,64,275
2493,120,100,50,proportional,64,183
2494,121,100,50,proportional,64,239
2495,122,100,50,proportional,64,186
2496,123,100,50,proportional,64,179
2497,124,100,50,proportional,64,239
2498,125,100,50,proportional,64,131
2499,126,100,50,proportional,64,299
2500,127,100,50,proportional,64,212
